OperatingPoint, measurementType, sysType, jetFlavor, etaMin, etaMax, ptMin, ptMax, discrMin, discrMax, formula 
0, comb, central, 1, -2.4, 2.4, 0, 200, 0, 1, "0.957985" 
0, comb, down, 1, -2.4, 2.4, 0, 200, 0, 1, "0.957985-0.029419191181659698" 
0, comb, up, 1, -2.4, 2.4, 0, 200, 0, 1, "0.957985+0.029419191181659698" 
1, comb, central, 1, -2.4, 2.4, 0, 200, 0, 1, "0.977573" 
1, comb, down, 1, -2.4, 2.4, 0, 200, 0, 1, "0.977573-0.047658815979957581" 
1, comb, up, 1, -2.4, 2.4, 0, 200, 0, 1, "0.977573+0.047658815979957581" 
2, comb, central, 1, -2.4, 2.4, 0, 200, 0, 1, "1.21439" 
2, comb, down, 1, -2.4, 2.4, 0, 200, 0, 1, "1.21439-0.24459227919578552" 
2, comb, up, 1, -2.4, 2.4, 0, 200, 0, 1, "1.21439+0.24459227919578552" 
